Book Id,Title,Author,Author l-f,Additional Authors,ISBN,ISBN13,My Rating,Average Rating,Publisher,Binding,Number of Pages,Year Published,Original Publication Year,Date Read,Date Added,Bookshelves,Bookshelves with positions,Exclusive Shelf,My Review,Spoiler,Private Notes,Read Count,Owned Copies
6969,Emma,Jane Austen,"Austen, Jane",Fiona Stafford,"=""0141439580""","=""9780141439587""",0,4.05,Penguin Books,Paperback,474,2003,1815,,2025/05/17,currently-reading,currently-reading (#3),currently-reading,,,,1,0
45169408,Menace of the Machine: The Rise of AI in Classic Science Fiction,Mike Ashley,"Ashley, Mike",,"=""0712352422""","=""9780712352420""",3,3.90,British Library Publishing,Paperback,352,2019,2019,2025/11/27,2025/08/13,,,read,,,,1,0
3431,The Five People You Meet in Heaven,Mitch Albom,"Albom, Mitch",,"=""0786868716""","=""9780786868711""",4,4.01,Hyperion,Hardcover,196,2003,2003,2025/11/20,2024/02/05,,,read,,,,1,0
9969571,"Ready Player One (Ready Player One, #1)",Ernest Cline,"Cline, Ernest",,"=""030788743X""","=""9780307887436""",0,4.23,Crown Publishers,Hardcover,480,2011,2011,,2025/10/13,"to-read, physical-tbr","to-read (#237), physical-tbr (#15)",to-read,,,,0,0
13537891,NW,Zadie Smith,"Smith, Zadie",,"=""0241144140""","=""9780241144145""",0,3.48,Hamish Hamilton,Hardcover,296,2012,2012,,2025/10/10,"to-read, physical-tbr","to-read (#236), physical-tbr (#14)",to-read,,,,0,0
2547,The Prophet,Kahlil Gibran,"Gibran, Kahlil",,"=""000100039X""","=""9780001000391""",3,4.23,Rupa & Co,Paperback,127,2003,1923,2025/10/04,2025/07/11,,,read,,,,1,0
890,Of Mice and Men,John Steinbeck,"Steinbeck, John",,"=""0142000671""","=""9780142000670""",4,3.89,Penguin Books,Paperback,107,2002,1937,2025/07/11,2024/02/05,,,read,,,,1,0
166997,Stoner,John  Williams,"Williams, John",John McGahern,"=""1590171993""","=""9781590171998""",0,4.35,New York Review Books,Paperback,292,2006,1965,,2024/07/23,currently-reading,currently-reading (#2),currently-reading,,,,1,0
39101777,Surrounded by Idiots,Thomas Erikson,"Erikson, Thomas",,"=""125023400X""","=""9781250234001""",4,3.51,Macmillan Audio,Audiobook,304,2019,2014,2025/07/01,2025/05/26,,,read,,,,1,0
40539136,Lie With Me,Philippe Besson,"Besson, Philippe",Molly Ringwald,"=""1501197878""","=""9781501197871""",0,4.26,Scribner,Hardcover,149,2019,2017,,2025/06/24,to-read,to-read (#235),to-read,,,,0,0
275,The Lover,Marguerite Duras,"Duras, Marguerite","Maxine Hong Kingston, Barbara Bray","=""""","=""""",4,3.71,Pantheon Books,Paperback,117,1998,1984,2025/06/22,2025/06/12,,,read,,,,1,0
586852,The Wall,Marlen Haushofer,"Haushofer, Marlen",Shaun Whiteside,"=""1573440949""","=""9781573440943""",0,4.02,Cleis Press,Paperback,240,1999,1963,,2025/06/20,to-read,to-read (#234),to-read,,,,0,0
56271461,Letter to a Stranger: Essays to the Ones Who Haunt Us,Colleen Kinder,"Kinder, Colleen",Leslie Jamison,"=""1643751247""","=""9781643751245""",0,3.73,Algonquin Books,Paperback,336,2022,2022,,2025/06/13,to-read,to-read (#233),to-read,,,,0,0
41952241,"Goodbye, Again: Essays, Reflections, and Illustrations",Jonny Sun,"Sun, Jonny",,"=""0062880853""","=""9780062880857""",0,4.10,Harper Perennial,Hardcover,224,2021,2021,,2025/06/13,to-read,to-read (#232),to-read,,,,0,0
24113,"Gödel, Escher, Bach: An Eternal Golden Braid",Douglas R. Hofstadter,"Hofstadter, Douglas R.",,"=""0465026567""","=""9780465026562""",0,4.29,Basic Books,Paperback,777,1999,1979,,2025/06/09,to-read,to-read (#231),to-read,,,,0,0
52879286,Humankind: A Hopeful History,Rutger Bregman,"Bregman, Rutger","Elizabeth Manton, Erica Moore","=""0316418536""","=""9780316418539""",0,4.32,"Little, Brown and Company",Hardcover,462,2020,2019,,2025/06/09,to-read,to-read (#230),to-read,,,,0,0
36442813,The Order of Time,Carlo Rovelli,"Rovelli, Carlo",,"=""073521610X""","=""9780735216105""",0,4.13,Riverhead Books,Hardcover,224,2018,2017,,2025/05/31,to-read,to-read (#229),to-read,,,,0,0
111185,Physics and Philosophy: The Revolution in Modern Science,Werner Heisenberg,"Heisenberg, Werner",Paul C.W. Davies,"=""""","=""""",0,4.02,Penguin Classics,Paperback,176,2000,1958,,2025/05/31,to-read,to-read (#228),to-read,,,,0,0
25734172,Seven Brief Lessons on Physics,Carlo Rovelli,"Rovelli, Carlo",,"=""0399184414""","=""9780399184413""",0,3.99,Riverhead Books,Hardcover,81,2016,2014,,2025/05/31,to-read,to-read (#227),to-read,,,,0,0
9221598,Quantum Physics for Poets,Leon M. Lederman Nobel Laureate,"Laureate, Leon M. Lederman Nobel",Christopher T. Hill,"=""1616142332""","=""9781616142339""",0,4.03,Prometheus,Hardcover,338,2011,2010,,2025/05/31,to-read,to-read (#226),to-read,,,,0,0
21413662,What If?: Serious Scientific Answers to Absurd Hypothetical Questions,Randall Munroe,"Munroe, Randall",,"=""0544272994""","=""9780544272996""",0,4.14,Dey Street Books,Hardcover,303,2014,2014,,2024/02/08,currently-reading,currently-reading (#1),currently-reading,,,,1,0
50276196,People Like Us: What it Takes to Make it in Modern Britain,Hashi Mohamed,"Mohamed, Hashi",,"=""""","=""""",0,4.34,Profile Books,Kindle Edition,321,2020,,,2025/05/28,to-read,to-read (#225),to-read,,,,0,0
17801996,Conversational Intelligence: How Great Leaders Build Trust and Get Extraordinary Results,Judith E. Glaser,"Glaser, Judith E.",,"=""1937134679""","=""9781937134679""",0,3.55,Routledge,Hardcover,256,2013,2013,,2025/05/26,to-read,to-read (#224),to-read,,,,0,0
3828902,Thinking In Systems: A Primer,Donella H. Meadows,"Meadows, Donella H.",Diana Wright,"=""1603580557""","=""9781603580557""",0,4.19,Chelsea Green Publishing,Paperback,218,2008,2008,,2025/05/26,to-read,to-read (#223),to-read,,,,0,0
49176,Games People Play,Eric Berne,"Berne, Eric",,"=""0345032799""","=""9780345032799""",0,3.72,Penguin,Mass Market Paperback,192,1964,1964,,2025/05/26,to-read,to-read (#222),to-read,,,,0,0
2072119,My Dog Is a Carrot,John Hegley,"Hegley, John",,"=""074458633X""","=""9780744586336""",3,4.18,Walker Books Ltd ,Paperback,64,2002,2002,2025/05/25,2025/05/24,,,read,,,,1,0
2288669,The Curate in Charge,Mrs. Oliphant,"Oliphant, Mrs.",Mrs. Oliphant,"=""086299327X""","=""9780862993276""",0,3.84,Sutton Pub Ltd,Paperback,192,1987,1987,,2025/05/24,"to-read, physical-tbr","to-read (#221), physical-tbr (#13)",to-read,,,,0,0
55479353,My First Thirty Years,Gertrude Beasley,"Beasley, Gertrude","Nina M. M. Bennett, Marie Bennett","=""1728242886""","=""9781728242880""",0,3.68,Sourcebooks,Paperback,352,2021,1925,,2025/05/24,"to-read, physical-tbr","to-read (#220), physical-tbr (#12)",to-read,,,,0,0
17165596,The Kite Runner,Khaled Hosseini,"Hosseini, Khaled",,"=""""","=""""",0,4.36,Riverhead Books,Paperback,371,2013,2003,,2025/05/24,"to-read, physical-tbr","to-read (#219), physical-tbr (#11)",to-read,,,,0,0
32929156,Wuthering Heights,Emily Brontë,"Brontë, Emily","Pauline Nestor, Lucasta Miller","=""0141439556""","=""9780141439556""",0,3.90,Penguin Classics,Paperback,359,2016,1847,,2025/05/24,"to-read, physical-tbr","to-read (#218), physical-tbr (#10)",to-read,,,,0,0
19063,The Book Thief,Markus Zusak,"Zusak, Markus",,"=""""","=""""",0,4.39,Alfred A. Knopf,Kindle Edition,592,2006,2005,,2025/04/15,"to-read, physical-tbr","to-read (#126), physical-tbr (#9)",to-read,,,,0,0
9838,The Bookseller of Kabul,Åsne Seierstad,"Seierstad, Åsne",Ingrid Christophersen,"=""0316159417""","=""9780316159418""",0,3.77,"Little, Brown and Company",Paperback,288,2004,2002,,2025/05/24,"to-read, physical-tbr","to-read (#217), physical-tbr (#8)",to-read,,,,0,0
26026054,It Didn't Start with You: How Inherited Family Trauma Shapes Who We Are and How to End the Cycle,Mark Wolynn,"Wolynn, Mark",,"=""1101980362""","=""9781101980361""",0,3.55,Penguin Life,Hardcover,256,2016,2016,,2025/05/24,to-read,to-read (#216),to-read,,,,0,0
108380,Mind Over Mood: Change How You Feel By Changing the Way You Think,Dennis Greenberger,"Greenberger, Dennis",Christine A. Padesky,"=""0898621283""","=""9780898621280""",0,3.96,The Guilford Press,Paperback,243,1995,1995,,2025/05/24,to-read,to-read (#215),to-read,,,,0,0
10127008,Self-Compassion: The Proven Power of Being Kind to Yourself,Kristin Neff,"Neff, Kristin",,"=""0061733512""","=""9780061733512""",0,4.13,William Morrow,Hardcover,320,2011,2011,,2025/05/24,to-read,to-read (#214),to-read,,,,0,0
40121993,The Collected Schizophrenias: Essays,Esmé Weijun Wang,"Wang, Esmé Weijun",,"=""1555978274""","=""9781555978273""",0,4.13,Graywolf Press,Paperback,224,2019,2019,,2025/05/21,to-read,to-read (#213),to-read,,,,0,0
57145833,My Body,Emily Ratajkowski,"Ratajkowski, Emily",,"=""1250817862""","=""9781250817860""",0,3.98,Metropolitan Books,Hardcover,239,2021,2021,,2025/05/21,to-read,to-read (#212),to-read,,,,0,0
30962053,The Idiot,Elif Batuman,"Batuman, Elif",,"=""1594205612""","=""9781594205613""",0,3.64,Penguin Press,Hardcover,423,2017,2017,,2025/05/21,to-read,to-read (#211),to-read,,,,0,0
6798263,Bluets,Maggie Nelson,"Nelson, Maggie",,"=""1933517409""","=""9781933517407""",0,4.05,Wave Books,Paperback,112,2009,2009,,2025/05/21,to-read,to-read (#210),to-read,,,,0,0
36336078,"Call Me By Your Name (Call Me By Your Name, #1)",André Aciman,"Aciman, André",,"=""1786495252""","=""9781786495259""",0,4.10,Atlantic Books,Paperback,248,2017,2007,,2025/05/21,to-read,to-read (#209),to-read,,,,0,0
52892857,The Color Purple,Alice Walker,"Walker, Alice",,"=""0143135694""","=""9780143135692""",0,4.28,Penguin Books,Paperback,287,2019,1982,,2025/05/21,to-read,to-read (#208),to-read,,,,0,0
11996,I Who Have Never Known Men,Jacqueline Harpman,"Harpman, Jacqueline",Ros Schwartz,"=""0380731819""","=""9780380731817""",0,4.12,Avon Eos,Mass Market Paperback,208,1998,1995,,2025/05/21,to-read,to-read (#207),to-read,,,,0,0
40277241,Brief Answers to the Big Questions,Stephen Hawking,"Hawking, Stephen",,"=""1984819194""","=""9781984819192""",0,4.26,Bantam,Hardcover,256,2018,2018,,2025/05/21,to-read,to-read (#206),to-read,,,,0,0
7247854,"The Disappearing Spoon: And Other True Tales of Madness, Love, and the History of the World from the Periodic Table of the Elements",Sam Kean,"Kean, Sam",,"=""0316051640""","=""9780316051644""",0,3.92,"Little, Brown and Company",Hardcover,394,2010,2010,,2025/05/21,to-read,to-read (#205),to-read,,,,0,0
17910054,The Sixth Extinction: An Unnatural History,Elizabeth Kolbert,"Kolbert, Elizabeth",,"=""0805092994""","=""9780805092998""",0,4.15,Henry Holt and Co. (Georg von Holtzbrinck),Hardcover,336,2014,2014,,2025/05/21,to-read,to-read (#204),to-read,,,,0,0
34466963,Why We Sleep: Unlocking the Power of Sleep and Dreams,Matthew Walker,"Walker, Matthew",,"=""""","=""""",0,4.37,Scribner,Hardcover,368,2017,2017,,2025/05/21,to-read,to-read (#203),to-read,,,,0,0
55030,Cosmos,Carl Sagan,"Sagan, Carl",,"=""0375508325""","=""9780375508325""",0,4.40,Random House,Mass Market Paperback,384,2002,1980,,2025/05/21,to-read,to-read (#202),to-read,,,,0,0
61535,The Selfish Gene,Richard Dawkins,"Dawkins, Richard",,"=""0199291152""","=""9780199291151""",0,4.16,Oxford University Press,Paperback,360,2006,1976,,2025/05/21,to-read,to-read (#201),to-read,,,,0,0
18693771,"The Body Keeps the Score: Brain, Mind, and Body in the Healing of Trauma",Bessel van der Kolk,"Kolk, Bessel van der",,"=""0670785938""","=""9780670785933""",0,4.35,Viking,Hardcover,464,2014,2014,,2025/05/21,to-read,to-read (#200),to-read,,,,0,0
63697,The Man Who Mistook His Wife for a Hat and Other Clinical Tales,Oliver Sacks,"Sacks, Oliver",,"=""""","=""""",0,4.05,Touchstone,Paperback,243,1998,1985,,2025/05/21,to-read,to-read (#199),to-read,,,,0,0
12609433,The Power of Habit: Why We Do What We Do in Life and Business,Charles Duhigg,"Duhigg, Charles",,"=""1400069289""","=""9781400069286""",0,4.13,Random House,Hardcover,375,2012,2012,,2025/05/21,to-read,to-read (#198),to-read,,,,0,0
6516450,What the Dog Saw and Other Adventures,Malcolm Gladwell,"Gladwell, Malcolm",,"=""0316078573""","=""9780316078573""",0,3.85,"Little, Brown and Company",Hardcover,444,2009,2009,,2025/05/21,to-read,to-read (#197),to-read,,,,0,0
15751404,"David and Goliath: Underdogs, Misfits, and the Art of Battling Giants",Malcolm Gladwell,"Gladwell, Malcolm",,"=""0316204366""","=""9780316204361""",0,3.97,"Little, Brown and Company",Hardcover,305,2013,2013,,2025/05/21,to-read,to-read (#196),to-read,,,,0,0
43848929,Talking to Strangers: What We Should Know About the People We Don't Know,Malcolm Gladwell,"Gladwell, Malcolm",,"=""0316478520""","=""9780316478526""",0,4.00,"Little, Brown and Company",Hardcover,388,2019,2019,,2025/05/21,to-read,to-read (#195),to-read,,,,0,0
2612,The Tipping Point: How Little Things Can Make a Big Difference,Malcolm Gladwell,"Gladwell, Malcolm",,"=""""","=""""",0,4.01,Time Warner Book Group,Paperback,301,2002,2000,,2025/05/21,to-read,to-read (#194),to-read,,,,0,0
21,A Short History of Nearly Everything,Bill Bryson,"Bryson, Bill",,"=""076790818X""","=""9780767908184""",0,4.22,Crown,Paperback,544,2004,2003,,2025/05/21,to-read,to-read (#193),to-read,,,,0,0
42270835,The Nickel Boys,Colson Whitehead,"Whitehead, Colson",,"=""""","=""""",0,4.25,Doubleday,ebook,213,2019,2019,,2025/05/18,to-read,to-read (#192),to-read,,,,0,0
27071490,Homegoing,Yaa Gyasi,"Gyasi, Yaa",,"=""""","=""""",0,4.47,Alfred A. Knopf,Hardcover,305,2016,2016,,2025/05/18,to-read,to-read (#191),to-read,,,,0,0
34051011,Pachinko,Min Jin Lee,"Lee, Min Jin",,"=""""","=""""",0,4.34,Grand Central Publishing,Kindle Edition,496,2017,2017,,2025/05/18,to-read,to-read (#190),to-read,,,,0,0
9361589,The Night Circus,Erin Morgenstern,"Morgenstern, Erin",,"=""""","=""9780385534635""",0,4.00,Doubleday,Hardcover,506,2011,2011,,2025/05/18,to-read,to-read (#189),to-read,,,,0,0
49628,Cloud Atlas,David  Mitchell,"Mitchell, David",,"=""0375507256""","=""9780375507250""",0,4.01,Random House,Paperback,509,2004,2004,,2025/05/18,to-read,to-read (#188),to-read,,,,0,0
40180098,The Overstory,Richard Powers,"Powers, Richard",,"=""039335668X""","=""9780393356687""",0,4.11,W.W. Norton & Company,Paperback,502,2019,2018,,2025/05/18,to-read,to-read (#187),to-read,,,,0,0
43317482,In the Dream House,Carmen Maria Machado,"Machado, Carmen Maria",,"=""1644450038""","=""9781644450031""",0,4.39,Graywolf Press,Hardcover,251,2019,2019,,2025/05/18,to-read,to-read (#186),to-read,,,,0,0
44890081,My Dark Vanessa,Kate Elizabeth Russell,"Russell, Kate Elizabeth",,"=""006294150X""","=""9780062941503""",0,4.10,William Morrow,Hardcover,373,2020,2020,,2025/05/18,to-read,to-read (#185),to-read,,,,0,0
41880609,On Earth We're Briefly Gorgeous,Ocean Vuong,"Vuong, Ocean",,"=""0525562028""","=""9780525562023""",0,4.01,Penguin Press,Hardcover,246,2019,2019,,2025/05/18,to-read,to-read (#184),to-read,,,,0,0
52741293,Shuggie Bain,Douglas   Stuart,"Stuart, Douglas",,"=""0802148042""","=""9780802148049""",0,4.30,Grove Press,Hardcover,430,2020,2020,,2025/05/18,to-read,to-read (#183),to-read,,,,0,0
53642699,The Mountain Is You: Transforming Self-Sabotage Into Self-Mastery,Brianna Wiest,"Wiest, Brianna",,"=""""","=""""",0,4.05,Thought Catalog Books,Kindle Edition,250,2020,2020,,2025/05/18,to-read,to-read (#182),to-read,,,,0,0
35133922,Educated,Tara Westover,"Westover, Tara",,"=""0399590501""","=""9780399590504""",5,4.47,Random House,Hardcover,352,2018,2018,2024/02/24,2021/03/24,5-stars,5-stars (#10),read,,,,1,0
29780253,Born a Crime: Stories From a South African Childhood,Trevor Noah,"Noah, Trevor",,"=""0385689225""","=""9780385689229""",5,4.49,Doubleday Canada,Hardcover,289,2016,2016,2023/02/19,2021/03/02,5-stars,5-stars (#9),read,,,,1,0
32620332,The Seven Husbands of Evelyn Hugo,Taylor Jenkins Reid,"Reid, Taylor Jenkins",,"=""1501139231""","=""9781501139239""",5,4.40,Atria Books,Hardcover,389,2017,2017,2021/07/17,2021/07/12,5-stars,5-stars (#8),read,,,,1,0
22822858,A Little Life,Hanya Yanagihara,"Yanagihara, Hanya",,"=""0385539258""","=""9780385539258""",5,4.28,Doubleday,Hardcover,720,2015,2015,2022/09/18,2021/04/21,5-stars,5-stars (#7),read,,,,1,0
11250317,The Song of Achilles,Madeline Miller,"Miller, Madeline",,"=""1408816032""","=""9781408816035""",5,4.31,Bloomsbury Publishing,Hardcover,352,2011,2011,2021/07/02,2021/03/02,5-stars,5-stars (#6),read,,,,1,0
44767458,Dune (Dune #1),Frank Herbert,"Herbert, Frank",,"=""059309932X""","=""9780593099322""",5,4.29,Ace,Hardcover,658,2019,1965,,2021/03/02,5-stars,5-stars (#5),read,,,,1,0
2767052,"The Hunger Games (The Hunger Games, #1)",Suzanne Collins,"Collins, Suzanne",,"=""0439023483""","=""9780439023481""",5,4.35,Scholastic Press,Hardcover,374,2008,2008,2021/04/20,2021/03/14,5-stars,5-stars (#4),read,,,,1,0
485894,The Metamorphosis,Franz Kafka,"Kafka, Franz",Stanley Corngold,"=""0553213695""","=""9780553213690""",5,3.90,Bantam Classics,Mass Market Paperback,201,1972,,,2021/03/02,5-stars,5-stars (#3),read,,,,1,0
11337,The Bluest Eye,Toni Morrison,"Morrison, Toni",,"=""""","=""""",5,4.13,Plume,Paperback,216,2005,1970,2024/05/14,2024/05/14,5-stars,5-stars (#2),read,,,,1,0
4214,Life of Pi,Yann Martel,"Martel, Yann",,"=""0770430074""","=""9780770430078""",5,3.94,Seal Books,Paperback,460,2006,2001,2024/02/02,2023/03/07,5-stars,5-stars (#1),read,,,,1,0
52129515,Untamed,Glennon Doyle,"Doyle, Glennon",Glennon Doyle Melton,"=""1984801252""","=""9781984801258""",0,3.98,The Dial Press,Hardcover,333,2020,2020,,2025/05/18,to-read,to-read (#181),to-read,,,,0,0
228394781,Small Boat,Vincent Delecroix,"Delecroix, Vincent","Helen Stevenson, Jeremy Harding","=""1913109372""","=""9781913109370""",0,4.02,HopeRoad,Paperback,122,2025,2023,,2025/05/17,to-read,to-read (#180),to-read,,,,0,0
2156,Persuasion,Jane Austen,"Austen, Jane","Deidre Shauna Lynch, James Kinsley","=""0192802631""","=""9780192802637""",0,4.15,Oxford University Press,Paperback,249,2004,1817,,2025/05/17,to-read,to-read (#179),to-read,,,,0,0
30593,Pnin,Vladimir Nabokov,"Nabokov, Vladimir",David Lodge,"=""1400041988""","=""9781400041985""",0,3.88,Everyman's Library,Hardcover,184,2004,1957,,2025/05/17,to-read,to-read (#178),to-read,,,,0,0
40607194,East of Eden,John Steinbeck,"Steinbeck, John",,"=""""","=""""",0,4.44,Penguin,Paperback,602,2000,1952,,2025/05/17,to-read,to-read (#177),to-read,,,,0,0
61173877,You're The Only One I've Told,Meera Shah,"Shah, Meera",,"=""1641603666""","=""9781641603669""",0,4.43,Chicago Review Press,Kindle Edition,308,2020,2020,,2025/05/17,to-read,to-read (#176),to-read,,,,0,0
50196744,Know My Name,Chanel Miller,"Miller, Chanel",,"=""0735223718""","=""9780735223714""",0,4.68,Viking,ebook,384,2019,2019,,2025/05/17,to-read,to-read (#175),to-read,,,,0,0
210246742,"Abortion: Our Bodies, Their Lies, and the Truths We Use to Win",Jessica Valenti,"Valenti, Jessica",,"=""0593800230""","=""9780593800232""",0,4.69,Crown,Hardcover,256,2024,2024,,2025/05/17,to-read,to-read (#174),to-read,,,,0,0
35036409,"My Brilliant Friend (Neapolitan Novels, #1)",Elena Ferrante,"Ferrante, Elena",Ann Goldstein,"=""""","=""""",0,4.05,Penguin Random House ,Paperback,331,2012,2011,,2025/05/17,to-read,to-read (#173),to-read,,,,0,0
41880092,The Undocumented Americans,Karla Cornejo Villavicencio,"Villavicencio, Karla Cornejo",,"=""0399592687""","=""9780399592683""",0,4.37,One World,Hardcover,208,2020,2020,,2025/05/17,to-read,to-read (#172),to-read,,,,0,0
24728470,M Train,Patti Smith,"Smith, Patti",,"=""1101875100""","=""9781101875100""",0,4.02,Knopf,Hardcover,256,2015,2015,,2025/05/17,to-read,to-read (#171),to-read,,,,0,0
56199402,"Read People Like a Book: How to Analyze, Understand, and Predict People’s Emotions, Thoughts, Intentions, and Behaviors",Patrick King,"King, Patrick",,"=""""","=""""",0,3.42,Big Mind LLC,Kindle Edition,277,2020,2020,2025/05/17,2025/05/17,summary-read,summary-read (#12),read,,,,1,0
167129384,"Law: A Very Short Introduction Publisher: Oxford University Press, USA",Raymond Wacks,"Wacks, Raymond",,"=""""","=""""",0,3.64,,Paperback,0,2007,2008,,2025/05/16,to-read,to-read (#170),to-read,,,,0,0
58612786,$100M Offers: How To Make Offers So Good People Feel Stupid Saying No,Alex Hormozi,"Hormozi, Alex",,"=""1737475707""","=""9781737475705""",0,4.56,,Kindle Edition,155,2021,2021,,2025/05/08,"to-read, summary-tbr","to-read (#168), summary-tbr (#6)",to-read,,,,0,0
15704926,Love Yourself Like Your Life Depends on It,Kamal Ravikant,"Ravikant, Kamal",,"=""1478121734""","=""9781478121732""",0,3.87,CreateSpace,Paperback,59,2012,2012,,2025/05/08,to-read,to-read (#169),to-read,,,,0,0
36072,The 7 Habits of Highly Effective People: Powerful Lessons in Personal Change,Stephen R. Covey,"Covey, Stephen R.",Jim Collins,"=""0743269519""","=""9780743269513""",0,4.16,Free Press,Paperback,372,2004,1989,,2025/04/02,"to-read, summary-tbr","to-read (#117), summary-tbr (#5)",to-read,,,,0,0
15839976,"Red Rising (Red Rising Saga, #1)",Pierce Brown,"Brown, Pierce",,"=""0345539788""","=""9780345539786""",0,4.27,Del Rey,Hardcover,382,2014,2014,,2025/05/08,to-read,to-read (#167),to-read,,,,0,0
69571,"Rich Dad, Poor Dad",Robert T. Kiyosaki,"Kiyosaki, Robert T.",,"=""0751532711""","=""9780751532715""",0,4.10,Time Warner Books UK,Paperback,195,2001,1997,2025/05/05,2025/05/08,summary-read,summary-read (#11),read,,,,1,0
30659,Meditations,Marcus Aurelius,"Aurelius, Marcus",Martin Hammond,"=""0140449337""","=""9780140449334""",0,4.28,Penguin Books,Paperback,254,2006,180,,2025/04/19,to-read,to-read (#166),to-read,,,,0,0
4865,How to Win Friends & Influence People,Dale Carnegie,"Carnegie, Dale",,"=""""","=""""",0,4.22,Gallery Books,Paperback,288,1998,1936,,2025/04/19,"to-read, summary-tbr","to-read (#158), summary-tbr (#4)",to-read,,,,0,0
774088,Difficult Conversations: How to Discuss What Matters Most,Douglas Stone,"Stone, Douglas","Bruce Patton, Sheila Heen, Roger Fisher","=""014028852X""","=""9780140288520""",0,4.07,Penguin Books,Paperback,250,2000,1999,,2025/04/19,"to-read, summary-tbr","to-read (#162), summary-tbr (#3)",to-read,,,,0,0
52766000,Big Friendship: How We Keep Each Other Close,Aminatou Sow,"Sow, Aminatou",Ann Friedman,"=""1982111909""","=""9781982111908""",0,3.74,Simon  Schuster,Hardcover,256,2020,2020,,2025/04/19,"to-read, summary-tbr","to-read (#163), summary-tbr (#2)",to-read,,,,0,0
17331360,The Art of Communicating,Thich Nhat Hanh,"Hanh, Thich Nhat",,"=""0062224689""","=""9780062224682""",0,4.11,HarperOne,ebook,176,2013,2013,,2025/04/19,to-read,to-read (#164),to-read,,,,0,0
29939161,Radical Candor: Be a Kickass Boss Without Losing Your Humanity,Kim Malone Scott,"Scott, Kim Malone",,"=""1250103509""","=""9781250103505""",0,4.05,St. Martin's Press,Hardcover,336,2017,2017,,2025/04/19,"to-read, summary-tbr","to-read (#165), summary-tbr (#1)",to-read,,,,0,0
40672036,Digital Minimalism: Choosing a Focused Life in a Noisy World,Cal Newport,"Newport, Cal",,"=""052553654X""","=""""",0,4.05,Portfolio,Kindle Edition,302,2019,2019,,2025/04/19,to-read,to-read (#161),to-read,,,,0,0
40940205,Tribe: On Homecoming and Belonging,Sebastian Junger,"Junger, Sebastian",,"=""""","=""""",0,4.02,Twelve,Kindle Edition,182,2016,2016,,2025/04/19,to-read,to-read (#160),to-read,,,,0,0
34921573,Lost Connections: Uncovering the Real Causes of Depression - and the Unexpected Solutions,Johann Hari,"Hari, Johann",,"=""163286830X""","=""9781632868305""",0,4.26,Bloomsbury USA,Hardcover,322,2018,2018,,2025/04/19,to-read,to-read (#159),to-read,,,,0,0
21412226,"The Like Switch: An Ex-FBI Agent's Guide to Influencing, Attracting, and Winning People Over (The Like Switch Series)",Jack Schafer,"Schafer, Jack",Marvin Karlins,"=""1476754489""","=""9781476754482""",0,3.89,Atria Books,Paperback,288,2015,2015,,2025/04/19,to-read,to-read (#157),to-read,,,,0,0
59883574,Platonic: How the Science of Attachment Can Help You Make—and Keep—Friends,Marisa G. Franco,"Franco, Marisa G.",,"=""0593331893""","=""9780593331897""",0,4.04,G.P. Putnam's Sons,Hardcover,336,2022,2022,,2025/04/19,to-read,to-read (#156),to-read,,,,0,0
3869,A Brief History of Time,Stephen Hawking,"Hawking, Stephen",,"=""0553380168""","=""9780553380163""",0,4.21,Bantam Books,Paperback,226,1998,1988,,2025/04/15,to-read,to-read (#155),to-read,,,,0,0
38746485,Becoming,Michelle Obama,"Obama, Michelle",,"=""1524763136""","=""9781524763138""",0,4.44,Crown,Hardcover,448,2018,2018,,2025/04/15,to-read,to-read (#154),to-read,,,,0,0
8520610,Quiet: The Power of Introverts in a World That Can't Stop Talking,Susan Cain,"Cain, Susan",,"=""0307352145""","=""9780307352149""",0,4.08,Crown Publishers,Hardcover,333,2012,2012,,2025/04/15,to-read,to-read (#153),to-read,,,,0,0
127441416,The Diary of a Young Girl,Anne Frank,"Frank, Anne",,"=""""","=""""",0,4.20,Bantam Books,Mass Market Paperback,256,1994,1947,,2025/04/15,to-read,to-read (#152),to-read,,,,0,0
23692271,Sapiens: A Brief History of Humankind,Yuval Noah Harari,"Harari, Yuval Noah",,"=""""","=""""",0,4.34,Vintage,Paperback,512,2015,2011,,2025/04/15,to-read,to-read (#151),to-read,,,,0,0
17607,All About Love: New Visions,bell hooks,"hooks, bell",,"=""0688168442""","=""9780688168445""",0,4.01,William Morrow,Hardcover,240,1999,1999,,2025/04/15,to-read,to-read (#150),to-read,,,,0,0
849380,The Seven Principles for Making Marriage Work: A Practical Guide from the Country's Foremost Relationship Expert,John M. Gottman,"Gottman, John M.",Nan Silver,"=""0609805797""","=""9780609805794""",0,4.26,Harmony,Paperback,271,1999,1999,,2025/04/15,to-read,to-read (#149),to-read,,,,0,0
2153780,Hold Me Tight,Sue Johnson,"Johnson, Sue",,"=""031611300X""","=""9780316113007""",0,4.12,"Little, Brown Spark",Hardcover,300,2008,2008,,2025/04/15,to-read,to-read (#148),to-read,,,,0,0
44788001,The Emotionally Intelligent Leader,Daniel Goleman,"Goleman, Daniel",,"=""1633697339""","=""9781633697331""",0,3.84,Harvard Business Review Press,Hardcover,128,2019,,,2025/04/15,to-read,to-read (#147),to-read,,,,0,0
71730,Nonviolent Communication: A Language of Life,Marshall B. Rosenberg,"Rosenberg, Marshall B.",Arun Gandhi,"=""1892005034""","=""9781892005038""",0,4.33,Puddledancer Press,Paperback,220,2003,1999,,2025/04/15,to-read,to-read (#146),to-read,,,,0,0
13588356,"Daring Greatly: How the Courage to Be Vulnerable Transforms the Way We Live, Love, Parent, and Lead",Brené Brown,"Brown, Brené",,"=""1592407331""","=""9781592407330""",0,4.29,Avery,Hardcover,287,2012,2012,,2025/04/15,to-read,to-read (#145),to-read,,,,0,0
27209485,"Emotional Agility: Get Unstuck, Embrace Change, and Thrive in Work and Life",Susan  David,"David, Susan",,"=""1592409490""","=""9781592409495""",0,3.98,Avery,Hardcover,288,2016,2016,,2025/04/15,to-read,to-read (#144),to-read,,,,0,0
43782400,Permission to Feel: The Power of Emotional Intelligence to Achieve Well-Being and Success,Marc Brackett,"Brackett, Marc",,"=""1250212847""","=""9781250212849""",0,4.17,Celadon Books,Hardcover,304,2019,2019,,2025/04/15,to-read,to-read (#143),to-read,,,,0,0
26329,Emotional Intelligence: Why It Can Matter More Than IQ,Daniel Goleman,"Goleman, Daniel",,"=""055380491X""","=""9780553804911""",0,4.05,Bantam,Hardcover,352,2006,1995,,2025/04/15,to-read,to-read (#142),to-read,,,,0,0
9547888,Attached: The New Science of Adult Attachment and How It Can Help You Find—and Keep—Love,Amir Levine,"Levine, Amir",Rachel Heller,"=""1585428485""","=""9781585428489""",0,4.13,Tarcher,Hardcover,304,2010,2010,,2025/04/15,to-read,to-read (#141),to-read,,,,0,0
40745,Mindset: The New Psychology of Success,Carol S. Dweck,"Dweck, Carol S.",,"=""""","=""""",0,4.09,Random House,Hardcover,276,2006,2006,,2025/04/15,to-read,to-read (#140),to-read,,,,0,0
7015403,The Gifts of Imperfection,Brené Brown,"Brown, Brené",,"=""159285849X""","=""9781592858491""",0,4.25,Hazelden,Paperback,137,2010,2010,,2025/04/15,to-read,to-read (#139),to-read,,,,0,0
56616095,The Bell Jar,Sylvia Plath,"Plath, Sylvia","Frances McCullough, Lois Ames","=""0060837020""","=""9780060837020""",0,4.05,Harper Perennial,Paperback,288,2006,1963,,2025/04/15,to-read,to-read (#138),to-read,,,,0,0
1934,"Little Women (Little Women, #1)",Louisa May Alcott,"Alcott, Louisa May","Regina Barreca, Grzegorz Komerski, Marta Fihel","=""""","=""""",0,4.17,Signet Classics,Mass Market Paperback,449,2004,1868,,2025/04/15,to-read,to-read (#137),to-read,,,,0,0
22557272,The Girl on the Train,Paula Hawkins,"Hawkins, Paula",,"=""1594633665""","=""9781594633669""",0,3.96,Riverhead Books,Hardcover,336,2015,2015,,2025/04/15,to-read,to-read (#136),to-read,,,,0,0
29044,The Secret History,Donna Tartt,"Tartt, Donna",,"=""1400031702""","=""9781400031702""",0,4.15,Vintage Books,Paperback,559,2004,1992,,2025/04/15,to-read,to-read (#135),to-read,,,,0,0
929,Memoirs of a Geisha,Arthur Golden,"Golden, Arthur",,"=""1400096898""","=""9781400096893""",0,4.16,Vintage Books USA,Mass Market Paperback,503,2005,1997,,2025/04/15,to-read,to-read (#134),to-read,,,,0,0
7144,Crime and Punishment,Fyodor Dostoevsky,"Dostoevsky, Fyodor","David McDuff, Joseph Frank","=""""","=""""",0,4.28,Penguin,Paperback,671,2002,1866,,2025/04/15,to-read,to-read (#133),to-read,,,,0,0
6288,The Road,Cormac McCarthy,"McCarthy, Cormac",,"=""0307265439""","=""9780307265432""",0,4.00,Alfred A. Knopf,Hardcover,241,2006,2006,,2025/04/15,to-read,to-read (#132),to-read,,,,0,0
320,One Hundred Years of Solitude,Gabriel García Márquez,"Márquez, Gabriel García",Gregory Rabassa,"=""""","=""""",0,4.12,Harper,Mass Market Paperback,417,2003,1967,,2025/04/15,to-read,to-read (#131),to-read,,,,0,0
35031085,Frankenstein: The 1818 Text,Mary Wollstonecraft Shelley,"Shelley, Mary Wollstonecraft",Charlotte  Gordon,"=""0143131842""","=""9780143131847""",0,3.90,Penguin Classics,Paperback,260,2018,1818,,2025/04/15,to-read,to-read (#130),to-read,,,,0,0
19288043,Gone Girl,Gillian Flynn,"Flynn, Gillian",,"=""0307588378""","=""9780307588371""",0,4.15,Ballantine Books,Paperback,415,2014,2012,,2025/04/15,to-read,to-read (#129),to-read,,,,0,0
10210,Jane Eyre,Charlotte Brontë,"Brontë, Charlotte",Michael Mason,"=""0142437204""","=""9780142437209""",0,4.16,Penguin,Paperback,532,2003,1847,,2025/04/15,to-read,to-read (#128),to-read,,,,0,0
36809135,Where the Crawdads Sing,Delia Owens,"Owens, Delia",,"=""0735219117""","=""9780735219113""",0,4.37,G.P. Putnam’s Sons,ebook,384,2018,2018,,2025/04/15,to-read,to-read (#127),to-read,,,,0,0
13079982,Fahrenheit 451,Ray Bradbury,"Bradbury, Ray",,"=""""","=""""",0,3.97,Simon & Schuster,Kindle Edition,194,2011,1953,,2025/04/15,to-read,to-read (#125),to-read,,,,0,0
5107,The Catcher in the Rye,J.D. Salinger,"Salinger, J.D.",,"=""0316769177""","=""9780316769174""",0,3.80,Back Bay Books,Paperback,277,2001,1951,,2025/04/15,to-read,to-read (#124),to-read,,,,0,0
41733839,The Great Gatsby,F. Scott Fitzgerald,"Fitzgerald, F. Scott",Jesmyn Ward,"=""""","=""""",0,3.93,Scribner,Paperback,180,2018,1925,,2025/04/15,to-read,to-read (#123),to-read,,,,0,0
61439040,1984,George Orwell,"Orwell, George",Thomas Pynchon,"=""0452284236""","=""9780452284234""",0,4.20,Plume,Paperback,368,2022,1949,,2025/04/15,to-read,to-read (#122),to-read,,,,0,0
30165203,"American Gods: Tenth Anniversary (American Gods, #1)",Neil Gaiman,"Gaiman, Neil",,"=""""","=""""",0,4.10,William Morrow,Kindle Edition,635,2011,2001,,2025/04/15,to-read,to-read (#121),to-read,,,,0,0
1772910,White Nights,Fyodor Dostoevsky,"Dostoevsky, Fyodor","Olga Shartse, Fyodor Dostoyevsky","=""""","=""""",0,4.08,,Paperback,82,1848,1848,,2025/04/15,to-read,to-read (#120),to-read,,,,0,0
123857637,Never Split the Difference: Negotiating as if Your Life Depended on It,Chris Voss,"Voss, Chris",Tahl Raz,"=""1847941494""","=""9781847941497""",0,4.34,Random House Business,Paperback,274,2023,2016,,2025/04/02,to-read,to-read (#119),to-read,,,,0,0
15014,Crucial Conversations: Tools for Talking When Stakes are High,Kerry Patterson,"Patterson, Kerry","Stephen R. Covey, Joseph Grenny, Ron McMillan, Al Switzler","=""0071401946""","=""9780071401944""",0,4.07,McGraw-Hill,Paperback,240,2002,2002,,2025/04/02,to-read,to-read (#118),to-read,,,,0,0
22249695,"Masterminds (Masterminds, #1)",Gordon Korman,"Korman, Gordon",,"=""0062299964""","=""9780062299963""",0,4.30,Balzer & Bray,Hardcover,336,2015,2015,,2025/03/23,to-read,to-read (#116),to-read,,,,0,0
55145261,The Anthropocene Reviewed: Essays on a Human-Centered Planet,John Green,"Green, John",,"=""0525555218""","=""9780525555216""",0,4.35,Dutton,Hardcover,304,2021,2021,,2024/07/15,to-read,to-read (#105),to-read,,,,0,0
40102,Blink: The Power of Thinking Without Thinking,Malcolm Gladwell,"Gladwell, Malcolm","Barry Fox, Irina Henegar","=""0316010669""","=""9780316010665""",3,3.96,Back Bay Books,Paperback,296,2007,2005,2024/11/09,2021/03/02,,,read,,,,1,0
30135182,A Brief History of Everyone Who Ever Lived: The Stories in Our Genes,Adam Rutherford,"Rutherford, Adam",,"=""0297609378""","=""9780297609377""",4,4.03,Weidenfeld & Nicolson,Hardcover,419,2016,2016,2024/10/30,2024/05/31,,,read,,,,1,0
378,The Phantom Tollbooth,Norton Juster,"Juster, Norton","Jules Feiffer, Maurice Sendak","=""0394820371""","=""9780394820378""",0,4.20,Random House Bullseye Books,Paperback,248,1996,1961,,2024/10/19,to-read,to-read (#115),to-read,,,,0,0
70420,The Undercover Economist,Tim Harford,"Harford, Tim",,"=""0195189779""","=""9780195189773""",4,3.81,Oxford University Press,Hardcover,288,2005,2005,2020/03/01,2024/09/20,,,read,,,,1,0
62047992,"Days at the Morisaki Bookshop (Days at the Morisaki Bookshop, #1)",Satoshi Yagisawa,"Yagisawa, Satoshi",Eric Ozawa,"=""0063278677""","=""9780063278677""",0,3.64,Harper Perennial,Paperback,150,2023,2010,,2024/09/19,to-read,to-read (#114),to-read,,,,0,0
11468377,"Thinking, Fast and Slow",Daniel Kahneman,"Kahneman, Daniel",,"=""0374275637""","=""9780374275631""",0,4.17,"Farrar, Straus and Giroux",Hardcover,499,2011,2011,,2021/03/02,"to-read, physical-tbr","to-read (#7), physical-tbr (#7)",to-read,,,,0,0
52379413,Madonna in a Fur Coat,Sabahattin Ali,"Ali, Sabahattin","Maureen Freely, Alexander Dawe","=""0241422264""","=""9780241422267""",0,4.35,Penguin Classics,Paperback,176,2020,1943,,2024/09/15,to-read,to-read (#113),to-read,,,,0,0
29358559,Upstream: Selected Essays,Mary Oliver,"Oliver, Mary",,"=""1594206708""","=""9781594206702""",0,4.16,Penguin Press,Hardcover,178,2016,2016,,2024/08/25,to-read,to-read (#112),to-read,,,,0,0
241823,Women Who Run With the Wolves,Clarissa Pinkola Estés,"Estés, Clarissa Pinkola",,"=""0345409876""","=""9780345409874""",0,4.11,Ballantine Books,Paperback,537,1995,1992,,2024/08/12,to-read,to-read (#111),to-read,,,,0,0
248665,"A Spy in the House of Love (Cities of the Interior, #4)",Anaïs Nin,"Nin, Anaïs",,"=""0671871390""","=""9780671871390""",0,3.72,Pocket Books,Mass Market Paperback,166,1994,1954,2024/08/12,2024/08/10,dnf,dnf (#10),read,,,,1,0
24453082,Big Magic: Creative Living Beyond Fear,Elizabeth Gilbert,"Gilbert, Elizabeth",,"=""1594634718""","=""9781594634710""",4,3.96,Riverhead Books,Hardcover,276,2015,2015,2024/08/09,2023/09/22,,,read,,,,1,0
46041465,Everything I Know About Love,Dolly Alderton,"Alderton, Dolly",,"=""0062968785""","=""9780062968784""",0,3.94,Harper,Hardcover,368,2020,2018,,2024/05/27,to-read,to-read (#110),to-read,,,,1,0
59151,Chess Story,Stefan Zweig,"Zweig, Stefan","Peter Gay, Joel Rotenberg, Стефан Цвайг","=""1590171691""","=""9781590171691""",0,4.27,NYRB Classics,Paperback,104,2005,1942,,2024/07/25,to-read,to-read (#109),to-read,,,,0,0
18918079,The Post-Office Girl,Stefan Zweig,"Zweig, Stefan",Joel Rotenberg,"=""1590175905""","=""9781590175903""",0,4.14,NYRB Classics,Kindle Edition,274,2011,1982,,2024/07/25,to-read,to-read (#108),to-read,,,,0,0
30186948,Think and Grow Rich,Napoleon Hill,"Hill, Napoleon","Bill Hartley, Ann Hartley, Ben Holden-Crowther, Muhammad Ghous Siddiqui","=""""","=""""",0,4.17,,Paperback,233,2016,2014,2024/07/24,2024/07/24,summary-read,summary-read (#10),read,,,,1,0
54996,Transparent Things,Vladimir Nabokov,"Nabokov, Vladimir",,"=""0679725415""","=""9780679725411""",0,3.63,Knopf Doubleday Publishing Group,Paperback,105,1989,1972,,2023/02/17,"to-read, physical-tbr","to-read (#31), physical-tbr (#6)",to-read,,,,0,0
3526,"First Love, Last Rites",Ian McEwan,"McEwan, Ian",,"=""0679750193""","=""9780679750192""",3,3.62,Vintage Books,Paperback,165,1994,1975,2024/07/24,2024/07/13,,,read,,,,1,0
6553843,Hard Rain Falling,Don Carpenter,"Carpenter, Don",George P. Pelecanos,"=""1590173244""","=""9781590173244""",0,4.08,NYRB Classics,Paperback,308,2009,1966,,2024/07/23,to-read,to-read (#107),to-read,,,,0,0
6294,"Howl’s Moving Castle (Howl’s Moving Castle, #1)",Diana Wynne Jones,"Jones, Diana Wynne",,"=""006441034X""","=""9780064410342""",0,4.29,Harper Trophy,Mass Market Paperback,329,2001,1986,,2024/07/19,to-read,to-read (#106),to-read,,,,0,0
6751,Consider the Lobster and Other Essays,David Foster Wallace,"Wallace, David Foster",,"=""0316156116""","=""9780316156110""",0,4.18,"Little, Brown and Company",Hardcover,343,2005,2005,,2024/07/15,to-read,to-read (#104),to-read,,,,0,0
424,Slouching Towards Bethlehem,Joan Didion,"Didion, Joan",,"=""""","=""""",0,4.18,Farrar Straus Giroux,Paperback,238,2008,1968,,2024/07/15,to-read,to-read (#103),to-read,,,,0,0
386162,"The Hitchhiker’s Guide to the Galaxy (The Hitchhiker's Guide to the Galaxy, #1)",Douglas Adams,"Adams, Douglas",,"=""""","=""""",0,4.22,Del Rey,Paperback,193,2007,1979,,2021/03/02,to-read,to-read (#5),to-read,,,,0,0
4016515,Letter to My Daughter,Maya Angelou,"Angelou, Maya",,"=""1400066123""","=""9781400066124""",0,4.09,Random House,Hardcover,192,2008,1987,,2021/04/21,to-read,to-read (#15),to-read,,,,0,0
113205,Heart of a Dog,Mikhail Bulgakov,"Bulgakov, Mikhail","Mirra Ginsburg, Михаил Афанасьевич Булгаков, Michail Bulgakov","=""0802150594""","=""9780802150592""",0,4.08,Grove Press,Paperback,123,1994,1925,,2021/03/17,to-read,to-read (#13),to-read,,,,0,0
24874312,"The Nose (Penguin Little Black Classics, #46)",Nikolai Gogol,"Gogol, Nikolai",,"=""0141397527""","=""9780141397528""",0,3.71,Penguin Classics,Mass Market Paperback,53,2015,1836,,2024/03/30,to-read,to-read (#72),to-read,,,,0,0
24874303,"The Tell-Tale Heart (Penguin Little Black Classics, #31)",Edgar Allan Poe,"Poe, Edgar Allan",,"=""0141397268""","=""9780141397269""",0,4.24,Penguin Classics,Paperback,48,2015,1843,,2024/04/23,to-read,to-read (#87),to-read,,,,0,0
6219656,The Lottery,Shirley Jackson,"Jackson, Shirley",,"=""1563127873""","=""9781563127878""",0,4.04,Perfection Learning,Paperback,30,1990,1948,,2024/07/15,to-read,to-read (#102),to-read,,,,0,0
286957,The Yellow Wall-Paper,Charlotte Perkins Gilman,"Gilman, Charlotte Perkins",Elaine R. Hedges,"=""1558611584""","=""9781558611580""",4,4.07,The Feminist Press at CUNY,Paperback,62,1996,1892,2024/07/09,2024/05/22,,,read,,,,1,0
168668,Catch-22,Joseph Heller,"Heller, Joseph",,"=""0684833395""","=""9780684833392""",0,3.99,Simon & Schuster ,Paperback,453,2004,1961,,2021/03/02,"to-read, physical-tbr","to-read (#2), physical-tbr (#2)",to-read,,,,0,0
28686959,Based on a True Story: A Memoir,Norm Macdonald,"Macdonald, Norm",,"=""0812993624""","=""9780812993622""",0,4.03,Random House,Hardcover,256,2016,2016,,2024/01/04,to-read,to-read (#40),to-read,,,,0,0
285092,High Fidelity,Nick Hornby,"Hornby, Nick",,"=""1573225517""","=""9781573225519""",0,3.90,Riverhead Books,Paperback,323,1996,1995,,2024/07/08,to-read,to-read (#101),to-read,,,,0,0
123416634,Such a Good Liar,Sue Wallman,"Wallman, Sue",,"=""""","=""""",0,3.28,Sourcebooks Fire,Kindle Edition,301,2023,2022,2024/07/06,2024/02/28,dnf,dnf (#9),read,,,,1,0
12067,"Good Omens: The Nice and Accurate Prophecies of Agnes Nutter, Witch",Terry Pratchett,"Pratchett, Terry",Neil Gaiman,"=""""","=""""",0,4.25,William Morrow Paperbacks,Mass Market Paperback,491,2006,1990,,2024/06/25,to-read,to-read (#100),to-read,,,,0,0
9951114,Earwig and the Witch,Diana Wynne Jones,"Jones, Diana Wynne",Marion Lindsay,"=""0007416857""","=""9780007416851""",3,3.58,Harper Collins,Hardcover,140,2011,2011,2024/06/25,2024/04/02,,,read,,,,1,0
40740914,If Cats Disappeared from the World,Genki Kawamura,"Kawamura, Genki",Eric Selland,"=""1509889175""","=""9781509889174""",4,3.79,Picador,Paperback,202,2018,2012,2024/06/15,2024/05/31,,,read,,,,1,0
10569,On Writing: A Memoir of the Craft,Stephen        King,"King, Stephen",,"=""0743455967""","=""9780743455961""",0,4.34,Pocket Books,Mass Market Paperback,320,2002,2000,,2024/04/07,to-read,to-read (#77),to-read,,,,0,0
43306206,"The Courage to Be Disliked: How to Free Yourself, Change Your Life and Achieve Real Happiness",Ichiro Kishimi,"Kishimi, Ichiro",Fumitake Koga,"=""""","=""""",0,3.92,Allen & Unwin,Paperback,288,2019,2013,,2024/04/07,to-read,to-read (#78),to-read,,,,0,0
28819132,A Little History of Religion,Richard Holloway,"Holloway, Richard",,"=""0300208839""","=""9780300208832""",0,4.21,Yale University Press,Hardcover,256,2016,2016,,2024/04/07,to-read,to-read (#79),to-read,,,,0,0
230733,Straw Dogs: Thoughts on Humans and Other Animals,John   Gray,"Gray, John",,"=""1862075964""","=""9781862075962""",0,3.93,Granta Books,Paperback,246,2003,2002,,2024/04/08,to-read,to-read (#80),to-read,,,,0,0
125116554,Same as Ever: A Guide to What Never Changes,Morgan Housel,"Housel, Morgan",,"=""""","=""9780593332702""",0,4.16,Portfolio,Hardcover,240,2023,2023,,2024/04/08,to-read,to-read (#82),to-read,,,,0,0
20893477,How We Got to Now: Six Innovations That Made the Modern World,Steven Johnson,"Johnson, Steven",,"=""1594632960""","=""9781594632969""",0,4.12,Riverhead Books,Hardcover,293,2014,2014,,2024/04/26,to-read,to-read (#88),to-read,,,,0,0
90590134,"The Coming Wave: Technology, Power, and the Twenty-first Century's Greatest Dilemma",Mustafa Suleyman,"Suleyman, Mustafa",Michael Bhaskar,"=""0593593952""","=""9780593593950""",0,3.81,Crown,Hardcover,332,2023,2023,,2024/04/30,to-read,to-read (#90),to-read,,,,0,0
615570,The Artist's Way: A Spiritual Path to Higher Creativity,Julia Cameron,"Cameron, Julia",,"=""1585421464""","=""9781585421466""",0,3.96,Jeremy P. Tarcher,Paperback,237,2002,2002,,2023/09/21,to-read,to-read (#37),to-read,,,,0,0
7815,The Year of Magical Thinking,Joan Didion,"Didion, Joan",,"=""1400078431""","=""9781400078431""",0,3.93,Vintage,Paperback,227,2007,2005,,2022/02/05,to-read,to-read (#24),to-read,,,,0,0
32191710,Astrophysics for People in a Hurry,Neil deGrasse Tyson,"Tyson, Neil deGrasse",,"=""0393609391""","=""9780393609394""",0,4.08,W. W. Norton & Company,Hardcover,223,2017,2017,,2024/02/08,to-read,to-read (#51),to-read,,,,0,0
198220896,Talk to Strangers: The Yes Theory Story,Matt Dahlia,"Dahlia, Matt",Derin Emre,"=""""","=""9798988849834""",0,4.36,Yes Theory LLC,Kindle Edition,234,2023,2023,,2024/02/05,to-read,to-read (#49),to-read,,,,0,0
40611510,The Last Lecture,Randy Pausch,"Pausch, Randy",Jeffrey Zaslow,"=""""","=""""",0,4.26,Hachette Books,Kindle Edition,217,2008,2008,,2024/05/12,to-read,to-read (#91),to-read,,,,0,0
24612009,"Every Time I Find the Meaning of Life, They Change It: Wisdom of the Great Philosophers on How to Live",Daniel Klein,"Klein, Daniel",,"=""0143126792""","=""9780143126799""",0,3.95,Penguin Group USA,Hardcover,210,2015,2015,,2024/04/14,to-read,to-read (#84),to-read,,,,0,0
6900,"Tuesdays with Morrie: An Old Man, a Young Man, and Life's Greatest Lesson",Mitch Albom,"Albom, Mitch",,"=""""","=""""",0,4.20,Warner,Paperback,210,2000,1997,,2024/05/12,to-read,to-read (#92),to-read,,,,0,0
52036,Siddhartha,Hermann Hesse,"Hesse, Hermann","Hilda Rosner, Zigmantas Ardickas","=""""","=""""",0,4.08,Bantam Books,Mass Market Paperback,152,1981,1922,,2024/02/23,to-read,to-read (#55),to-read,,,,0,0
24965,Fear and Trembling,Søren Kierkegaard,"Kierkegaard, Søren",Alastair Hannay,"=""0143037579""","=""9780143037576""",0,4.00,Penguin Books,Paperback,152,2006,1843,,2024/02/28,to-read,to-read (#60),to-read,,,,0,0
24874370,The Dhammapada,Anonymous,"Anonymous, Anonymous",Juan Mascaró,"=""0141398817""","=""9780141398815""",0,4.27,Penguin Classics,Mass Market Paperback,152,2015,-400,,2024/04/23,to-read,to-read (#84),to-read,,,,0,0
123271313,Free for All: Why the NHS Is Worth Saving,Gavin Francis,"Francis, Gavin",,"=""1800819269""","=""9781800819269""",0,4.16,Wellcome Collection,Kindle Edition,112,2023,,,2024/03/16,to-read,to-read (#64),to-read,,,,0,0
36481028,4000 Weeks,Robert Bosman,"Bosman, Robert",,"=""0986932825""","=""9780986932823""",0,3.91,2BeWise,Kindle Edition,164,2011,2011,,2024/04/08,to-read,to-read (#81),to-read,,,,0,0
781844,"On Death and Dying: What the Dying Have to Teach Doctors, Nurses, Clergy and Their Own Families",Elisabeth Kübler-Ross,"Kübler-Ross, Elisabeth",,"=""0684839385""","=""9780684839387""",0,4.16,Scribner,Paperback,288,1997,1969,,2021/03/23,to-read,to-read (#14),to-read,,,,0,0
3228917,Outliers: The Story of Success,Malcolm Gladwell,"Gladwell, Malcolm",,"=""0316017922""","=""9780316017923""",4,4.19,"Little, Brown and Company",Hardcover,309,2008,2008,2024/06/09,2021/03/02,,,read,,,,1,0
623647,Present Moment Wonderful Moment: Mindfulness Verses for Daily Living,Thich Nhat Hanh,"Hanh, Thich Nhat","Mayumi Oda, Annabel Laity","=""093807721X""","=""9780938077213""",3,4.34,Parallax Press,Paperback,78,1990,,2024/06/08,2024/04/14,,,read,,,,1,0
177148776,It Lasts Forever and Then It's Over,Anne de Marcken,"Marcken, Anne de",,"=""0811237850""","=""9780811237857""",0,3.66,New Directions,Paperback,128,2024,2024,,2024/06/08,to-read,to-read (#99),to-read,,,,0,0
89717,The Haunting of Hill House,Shirley Jackson,"Jackson, Shirley",Laura Miller,"=""0143039989""","=""9780143039983""",0,3.81,Penguin Classics,Paperback,182,2006,1959,,2024/06/03,to-read,to-read (#98),to-read,,,,0,0
1885,Pride and Prejudice,Jane Austen,"Austen, Jane",Anna Quindlen,"=""1441341706""","=""9781441341709""",0,4.29,Modern Library,Paperback,279,2023,1813,2019/08/31,2024/05/31,dnf,dnf (#8),read,,,,1,0
2657,To Kill a Mockingbird,Harper Lee,"Lee, Harper",,"=""0060935464""","=""9780060935467""",0,4.26,Harper Perennial Modern Classics ,Paperback,323,2006,1960,,2024/05/31,"to-read, physical-tbr","to-read (#97), physical-tbr (#5)",to-read,,,,0,0
18478222,Twelve Years a Slave,Solomon Northup,"Northup, Solomon","Karolyn Smardz Frost, Sue Eakin, Joseph Logsdon, Eric Ashley Hairston","=""0989794806""","=""9780989794800""",0,4.23,Eakin Films & Publishing,ebook,363,2013,1853,,2024/05/31,"to-read, physical-tbr","to-read (#96), physical-tbr (#4)",to-read,,,,0,0
50398,Northanger Abbey,Jane Austen,"Austen, Jane",Alfred Mac Adam,"=""1593082649""","=""9781593082642""",0,3.85,Barnes & Noble Classics,Paperback,260,2005,1817,,2024/05/31,"to-read, physical-tbr","to-read (#95), physical-tbr (#3)",to-read,,,,0,0
258079,The Go-Between,L.P. Hartley,"Hartley, L.P.",Colm Tóibín,"=""0940322994""","=""9780940322998""",0,4.01,New York Review of Books,Paperback,326,2002,1953,,2024/05/27,to-read,to-read (#94),to-read,,,,0,0
112974860,How to Know a Person: The Art of Seeing Others Deeply and Being Deeply Seen,David  Brooks,"Brooks, David",,"=""059323006X""","=""9780593230084""",0,4.05,Random House,Kindle Edition,306,2023,2023,,2024/05/26,to-read,to-read (#93),to-read,,,,0,0
52867387,Beach Read,Emily Henry,"Henry, Emily",,"=""1984806734""","=""9781984806734""",0,3.97,Berkley,Paperback,358,2020,2020,2024/05/25,2024/05/15,dnf,dnf (#7),read,,,,1,0
24874324,How Much Land Does a Man Need?,Leo Tolstoy,"Tolstoy, Leo",Ronald Wilks,"=""0141397748""","=""9780141397740""",4,4.11,Penguin Classics,Paperback,64,2015,1886,2024/05/25,2024/04/13,,,read,,,,1,0
11346,Sula,Toni Morrison,"Morrison, Toni",,"=""0452283868""","=""9780452283862""",0,4.05,Plume,Paperback,174,2002,1973,,2024/02/11,to-read,to-read (#52),to-read,,,,0,0
170548,Don't Sweat the Small Stuff ... and It's All Small Stuff: Simple Ways to Keep the Little Things From Taking Over Your Life,Richard Carlson,"Carlson, Richard",,"=""073380084X""","=""9780733800849""",0,4.00,Bantam,Mass Market Paperback,248,1997,1997,2024/05/12,2024/04/01,summary-read,summary-read (#9),read,,,,1,0
4069,Man's Search for Meaning,Viktor E. Frankl,"Frankl, Viktor E.","Harold S. Kushner, William J. Winslade, Isle Lasch","=""080701429X""","=""9780807014295""",0,4.37,Beacon Press,Paperback,165,2006,1946,,2024/02/28,to-read,to-read (#58),to-read,,,,0,0
227552,10 Days to Faster Reading,The Princeton Language Institute,"Institute, The Princeton Language","Abby Marks Beale, Эбби Маркс-Бил","=""0446676675""","=""9780446676670""",0,3.84,Grand Central Publishing,Paperback,206,2001,2001,2024/05/03,2024/05/03,summary-read,summary-read (#8),read,,,,1,0
2153998,"I, Pencil: My Family Tree As Told to Leonard E. Read",Leonard Edward Read,"Read, Leonard Edward",,"=""1572462094""","=""9781572462090""",3,4.34,The Foundation for Economic Ed,,11,,1958,2024/05/01,2024/04/26,,,read,,,,1,0
58784475,"Tomorrow, and Tomorrow, and Tomorrow",Gabrielle Zevin,"Zevin, Gabrielle",,"=""0735243344""","=""9780735243347""",3,4.12,Knopf,Hardcover,416,2022,2022,2024/04/30,2023/09/10,,,read,,,,1,0
53424992,The 5am Club,Robin Sharma,"Sharma, Robin",,"=""""","=""""",0,3.68,,Paperback,314,,2018,2024/04/30,2024/04/30,summary-read,summary-read (#7),read,,,,1,0
18373,Flowers for Algernon,Daniel Keyes,"Keyes, Daniel",,"=""015603008X""","=""9780156030083""",0,4.24,Harvest Books,Paperback,311,2004,1966,,2024/04/26,to-read,to-read (#89),to-read,,,,0,0
24874342,A Modest Proposal,Jonathan Swift,"Swift, Jonathan",,"=""0141398183""","=""9780141398181""",0,4.02,Penguin Classics,Paperback,56,2015,1729,,2024/04/23,to-read,to-read (#86),to-read,,,,0,0
24874318,Socrates' Defence,Plato,"Plato, Plato",,"=""0141397640""","=""9780141397641""",0,4.19,Penguin Classics,Paperback,56,2015,-399,,2024/04/23,to-read,to-read (#85),to-read,,,,0,0
23215490,"13 Things Mentally Strong People Don't Do: Take Back Your Power, Embrace Change, Face Your Fears, and Train Your Brain for Happiness and Success",Amy Morin,"Morin, Amy",,"=""0062391542""","=""9780062391544""",0,3.91,William Morrow,Hardcover,272,2014,2014,2024/04/22,2024/04/01,summary-read,summary-read (#6),read,,,,1,0
20958539,"Unlimited Memory: How to Use Advanced Learning Strategies to Learn Faster, Remember More and be More Productive (Mental Mastery, #1)",Kevin Horsley,"Horsley, Kevin",,"=""1631619853""","=""9781631619854""",0,4.01,TCK Publishing,Kindle Edition,126,2014,2014,2024/04/15,2024/04/15,summary-read,summary-read (#5),read,,,,1,0
370493,The Giving Tree,Shel Silverstein,"Silverstein, Shel",,"=""0060256656""","=""9780060256654""",3,4.39,HarperCollins Publishers,Hardcover,64,1964,1964,2024/04/04,2024/03/26,,,read,,,,1,0
81779,The Symposium,Plato,"Plato, Plato",Christopher Gill,"=""0140449272""","=""9780140449273""",4,4.09,Penguin Books,Paperback,90,2003,-380,2024/04/12,2024/03/30,,,read,,,,1,0
1303,The 48 Laws of Power,Robert Greene,"Greene, Robert",,"=""0140280197""","=""9780140280197""",0,4.09,Penguin Books,Paperback,452,2000,1999,2024/04/12,2024/04/07,summary-read,summary-read (#4),read,,,,1,0
40597810,Daisy Jones & The Six,Taylor Jenkins Reid,"Reid, Taylor Jenkins",,"=""1524798622""","=""9781524798628""",0,4.20,Ballantine Books,Hardcover,368,2019,2019,,2022/01/22,to-read,to-read (#22),to-read,,,,0,0
35959740,Circe,Madeline Miller,"Miller, Madeline",,"=""0316556343""","=""9780316556347""",0,4.22,"Little, Brown and Company",Hardcover,393,2018,2018,,2021/05/23,to-read,to-read (#20),to-read,,,,0,0
206318521,Just Kids,Patti Smith,"Smith, Patti",,"=""006621131X""","=""9780066211312""",0,4.21,Ecco,Hardcover,262,2010,2010,,2024/02/13,to-read,to-read (#53),to-read,,,,0,0
3063393,Pragmatic Thinking and Learning: Refactor Your Wetware,Andy   Hunt,"Hunt, Andy",,"=""1934356050""","=""9781934356050""",0,4.12,"Pragmatic Programmers, LLC, The",Paperback,251,2008,2008,,2024/04/09,to-read,to-read (#83),to-read,,,,0,0
26324,Social Intelligence: The New Science of Human Relationships,Daniel Goleman,"Goleman, Daniel",,"=""0553803522""","=""9780553803525""",0,3.99,Bantam,Hardcover,416,2006,2006,2024/04/09,2024/04/09,summary-read,summary-read (#3),read,,,,1,0
295,Treasure Island,Robert Louis Stevenson,"Stevenson, Robert Louis",N.C. Wyeth,"=""0753453800""","=""9780753453803""",0,3.85,Kingfisher,Hardcover,352,2001,1882,2024/04/07,2021/03/02,dnf,dnf (#6),read,,,,1,0
60657589,"Emily Wilde's Encyclopaedia of Faeries (Emily Wilde, #1)",Heather Fawcett,"Fawcett, Heather",,"=""059350013X""","=""9780593500132""",0,3.96,Del Rey,Hardcover,317,2023,2023,,2024/04/04,to-read,to-read (#76),to-read,,,,0,0
52529,"The Secret (The Secret, #1)",Rhonda Byrne,"Byrne, Rhonda",,"=""""","=""""",0,3.74,Atria Books/Beyond Words,Hardcover,199,2006,2006,2024/01/01,2024/04/01,summary-read,summary-read (#2),read,,,,1,0
905,The Inner Game of Tennis: The Classic Guide to the Mental Side of Peak Performance,W. Timothy Gallwey,"Gallwey, W. Timothy","Pete Carroll, Zach Kleiman","=""0679778314""","=""9780679778318""",0,4.19,Random House Trade Paperbacks,Paperback,134,1997,1974,2024/01/01,2024/04/04,summary-read,summary-read (#1),read,,,,1,0
581552,In the Penal Colony,Franz Kafka,"Kafka, Franz",,"=""""","=""""",4,3.92,Schocken Books,Paperback,52,1974,1918,,2024/02/11,,,read,,,,1,0
54875689,A Bright Ray of Darkness,Ethan Hawke,"Hawke, Ethan",,"=""0385352387""","=""9780385352383""",0,3.70,Knopf,Hardcover,237,2021,2021,,2024/03/30,to-read,to-read (#75),to-read,,,,0,0
32998876,101 Essays That Will Change The Way You Think,Brianna Wiest,"Wiest, Brianna",,"=""""","=""""",0,3.73,Thought Catalog Books,Kindle Edition,450,2016,2016,,2024/03/30,to-read,to-read (#74),to-read,,,,0,0
59149,Beware of Pity,Stefan Zweig,"Zweig, Stefan","Phyllis Blewitt, Trevor Blewitt","=""""","=""""",0,4.26,NYRB Classics,Paperback,353,2006,1939,,2024/03/30,to-read,to-read (#73),to-read,,,,0,0
4442700,Climate Wars,Gwynne Dyer,"Dyer, Gwynne",,"=""0307355837""","=""9780307355836""",4,3.86,Random House Canada,Hardcover,288,2008,2008,2024/03/27,2024/03/27,,,read,,,,1,0
59575929,The Light We Give: How Sikh Wisdom Can Transform Your Life,Simran Jeet Singh,"Singh, Simran Jeet",,"=""0593087976""","=""9780593087978""",0,4.20,Riverhead Books,Hardcover,320,2022,,,2024/03/26,to-read,to-read (#71),to-read,,,,0,0
37570546,"Maybe You Should Talk to Someone: A Therapist, Her Therapist, and Our Lives Revealed",Lori Gottlieb,"Gottlieb, Lori",,"=""1328662055""","=""9781328662057""",0,4.37,Harper,Hardcover,415,2019,2019,,2024/03/26,to-read,to-read (#70),to-read,,,,0,0
7072758,Animals,Don LePan,"LePan, Don",,"=""""","=""""",0,3.63,Broadview Press,Paperback,172,2009,2009,,2024/03/26,to-read,to-read (#69),to-read,,,,0,0
55410610,Panenka,Ronan Hession,"Hession, Ronan",,"=""1910422673""","=""9781910422670""",0,3.98,Bluemoose ,Hardcover,164,2021,2021,,2022/09/01,to-read,to-read (#28),to-read,,,,0,0
38462,Giovanni’s Room,James Baldwin,"Baldwin, James",,"=""""","=""""",0,4.34,Penguin,Paperback,159,2000,1956,,2021/03/12,to-read,to-read (#10),to-read,,,,0,0
41795733,Range: Why Generalists Triumph in a Specialized World,David   Epstein,"Epstein, David",,"=""0735214484""","=""9780735214484""",0,4.13,Riverhead Books,Hardcover,339,2019,2019,,2024/03/25,to-read,to-read (#68),to-read,,,,0,0
38232376,"Nine Pints: A Journey Through the Money, Medicine, and Mysteries of Blood",Rose George,"George, Rose",,"=""1627796371""","=""9781627796378""",0,3.82,Metropolitan Books,Hardcover,289,2018,2018,,2024/03/25,to-read,to-read (#67),to-read,,,,0,0
49090884,Tender Is the Flesh,Agustina Bazterrica,"Bazterrica, Agustina",Sarah Moses,"=""""","=""""",0,3.77,Scribner,Paperback,209,2020,2017,,2022/02/23,to-read,to-read (#25),to-read,,,,0,0
25899336,When Breath Becomes Air,Paul Kalanithi,"Kalanithi, Paul",Abraham   Verghese,"=""0812988418""","=""9780812988413""",0,4.41,Random House,Kindle Edition,208,2016,2016,,2023/03/25,to-read,to-read (#32),to-read,,,,0,0
49552,The Stranger,Albert Camus,"Camus, Albert",Matthew  Ward,"=""""","=""""",0,4.03,Vintage International,Paperback,123,1989,1942,,2021/03/02,to-read,to-read (#3),to-read,,,,0,0
7641110,Life Is What You Make It: Find Your Own Path to Fulfillment,Peter Buffett,"Buffett, Peter",,"=""0307464717""","=""9780307464712""",0,3.80,Crown Archetype,Hardcover,272,2010,2010,,2024/03/16,to-read,to-read (#66),to-read,,,,0,0
60049471,The Day I Die: The Untold Story of Assisted Dying in America,Anita Hannig,"Hannig, Anita",,"=""1728244919""","=""9781728244914""",0,4.35,Sourcebooks,Hardcover,320,2022,,,2024/03/16,to-read,to-read (#65),to-read,,,,0,0
139400713,Martyr!,Kaveh Akbar,"Akbar, Kaveh",,"=""0593537610""","=""9780593537619""",0,4.17,Knopf,Hardcover,331,2024,2024,,2024/03/06,to-read,to-read (#63),to-read,,,,0,0
189531,The Man Who Fed the World: Nobel Peace Prize Laureate Norman Borlaug and His Battle to End World Hunger,Leon Hesser,"Hesser, Leon",Jimmy Carter,"=""1930754906""","=""9781930754904""",0,3.83,Durban House Pub Co Inc,Hardcover,297,2006,2006,,2024/03/05,to-read,to-read (#62),to-read,,,,0,0
35957157,Thinking in Bets: Making Smarter Decisions When You Don't Have All the Facts,Annie Duke,"Duke, Annie",,"=""0735216355""","=""9780735216358""",0,3.82,Portfolio,Hardcover,288,2018,2018,,2024/02/28,to-read,to-read (#59),to-read,,,,0,0
46199,Letters to a Young Poet,Rainer Maria Rilke,"Rilke, Rainer Maria","Franz Xaver Kappus, Reginald Snell","=""0486422453""","=""9780486422459""",4,4.28,Dover Publications,Paperback,80,2002,1929,2024/03/04,2022/03/17,,,read,,,,1,0
60151826,I'm a Fan,Sheena Patel,"Patel, Sheena",,"=""""","=""""",0,3.24,Rough Trade Books,Unknown Binding,207,2022,2022,2024/01/01,2024/02/27,dnf,dnf (#5),read,,,,1,0
25744928,Deep Work: Rules for Focused Success in a Distracted World,Cal Newport,"Newport, Cal",,"=""1455586692""","=""9781455586691""",0,4.16,Grand Central Publishing,Hardcover,296,2016,2016,,2024/02/28,to-read,to-read (#61),to-read,,,,0,0
10639,The Paradox of Choice: Why More Is Less,Barry Schwartz,"Schwartz, Barry",,"=""0060005696""","=""9780060005696""",0,3.83,Harper Perennial,Paperback,265,2005,2004,,2024/02/28,to-read,to-read (#57),to-read,,,,0,0
13525945,So Good They Can't Ignore You: Why Skills Trump Passion in the Quest for Work You Love,Cal Newport,"Newport, Cal",,"=""1455509108""","=""9781455509102""",0,4.07,Business Plus,Kindle Edition,288,2012,2012,,2024/02/28,to-read,to-read (#56),to-read,,,,0,0
142402923,Feel-Good Productivity: How to Do More of What Matters to You,Ali  Abdaal,"Abdaal, Ali",,"=""1250865034""","=""9781250865038""",0,3.98,Celadon Books,Hardcover,304,2023,2023,,2024/01/05,to-read,to-read (#41),to-read,,,,0,0
92303,The Importance of Being Earnest,Oscar Wilde,"Wilde, Oscar",,"=""158049580X""","=""9781580495806""",0,4.17,Prestwick House,Paperback,89,2005,1895,,2024/02/23,to-read,to-read (#54),to-read,,,,0,0
41022133,Colorless Tsukuru Tazaki and His Years of Pilgrimage,Haruki Murakami,"Murakami, Haruki",,"=""0385352115""","=""9780385352116""",2,3.87,Vintage Books,Paperback,308,2014,2013,,2021/03/02,,,read,,,,1,0
59364173,I'm Glad My Mom Died,Jennette McCurdy,"McCurdy, Jennette",,"=""""","=""""",0,4.44,Simon & Schuster,ebook,320,2022,2022,,2022/08/27,to-read,to-read (#26),to-read,,,,0,0
123933,No Exit,Jean-Paul Sartre,"Sartre, Jean-Paul",,"=""0573613052""","=""9780573613050""",4,4.11,Concord Theatricals,Paperback,60,1958,1944,,2021/03/02,,,read,,,,1,0
5297,The Picture of Dorian Gray,Oscar Wilde,"Wilde, Oscar",Jeffrey Eugenides,"=""""","=""""",4,4.13,Random House: Modern Library,Paperback,272,2004,1890,,2021/03/02,re-reads,re-reads (#2),read,,,,1,0
49455,Notes from Underground,Fyodor Dostoevsky,"Dostoevsky, Fyodor","Richard Pevear, Larissa Volokhonsky, Donald Fanger","=""067973452X""","=""9780679734529""",4,4.17,Vintage Classics,Paperback,136,1994,1864,,2021/03/02,re-reads,re-reads (#1),read,,,,1,0
4900,Heart of Darkness,Joseph Conrad,"Conrad, Joseph",,"=""1892295490""","=""9781892295491""",0,3.43,Green Integer,Paperback,188,2003,1899,,2024/02/05,to-read,to-read (#44),to-read,,,,0,0
18144590,The Alchemist,Paulo Coelho,"Coelho, Paulo",,"=""0062315005""","=""9780062315007""",0,3.92,HarperOne,Paperback,182,2014,1988,,2021/03/02,to-read,to-read (#4),to-read,,,,0,0
160378,The Death of Ivan Ilyich (Russian Texts),Leo Tolstoy,"Tolstoy, Leo",Michael Beresford,"=""185399359X""","=""9781853993596""",0,4.14,Bristol Classical Press,Paperback,160,1998,1886,,2024/02/05,to-read,to-read (#45),to-read,,,,0,0
2165,The Old Man and the Sea,Ernest Hemingway,"Hemingway, Ernest",,"=""0684830493""","=""9780684830490""",0,3.81,Scribner,Hardcover,96,1996,1952,,2024/02/05,to-read,to-read (#43),to-read,,,,0,0
91274427,What You Are Looking For Is in the Library,Michiko Aoyama,"Aoyama, Michiko",Alison Watts,"=""1335005625""","=""9781335005625""",0,4.04,Hanover Square Press,Hardcover,304,2023,2020,,2024/02/06,to-read,to-read (#50),to-read,,,,0,0
78311985,A Shining,Jon Fosse,"Fosse, Jon",Damion Searls,"=""1804270636""","=""9781804270639""",2,3.47,Fitzcarraldo Editions,Paperback,48,2023,2023,2024/02/05,2024/01/07,,,read,,,,1,0
6334,Never Let Me Go,Kazuo Ishiguro,"Ishiguro, Kazuo",,"=""1400078776""","=""9781400078776""",0,3.85,Vintage Books ,Paperback,288,2010,2005,,2024/02/05,to-read,to-read (#48),to-read,,,,0,0
32145,Stiff: The Curious Lives of Human Cadavers,Mary Roach,"Roach, Mary",,"=""0393324826""","=""9780393324822""",0,4.06,W. W. Norton  Company,Paperback,304,2004,2003,,2024/02/05,to-read,to-read (#47),to-read,,,,0,0
12543,Bird by Bird,Anne Lamott,"Lamott, Anne",,"=""""","=""""",0,4.24,Anchor,Paperback,238,1995,1994,,2024/02/05,to-read,to-read (#46),to-read,,,,0,0
44525305,The Ride of a Lifetime: Lessons Learned from 15 Years as CEO of the Walt Disney Company,Robert Iger,"Iger, Robert",Joel Lovell,"=""""","=""""",0,4.40,Random House,Hardcover,272,2019,2019,,2024/01/01,to-read,to-read (#39),to-read,,,,0,0
464260,The Fire Next Time,James Baldwin,"Baldwin, James",,"=""067974472X""","=""9780679744726""",0,4.55,Vintage,Paperback,106,1992,1963,,2021/03/12,to-read,to-read (#11),to-read,,,,0,0
1873060,The Go-Giver: A Little Story About a Powerful Business Idea,Bob Burg,"Burg, Bob",John David Mann,"=""159184200X""","=""9781591842002""",3,4.33,Portfolio,Hardcover,133,2007,2007,2024/01/19,2023/11/27,,,read,,,,1,0
55835474,Nightbitch,Rachel Yoder,"Yoder, Rachel",,"=""0385546815""","=""9780385546812""",2,3.43,Doubleday,Hardcover,256,2021,2021,2024/01/15,2023/12/18,,,read,,,,1,0
123183412,Down the Drain,Julia   Fox,"Fox, Julia",,"=""1668011506""","=""9781668011508""",0,4.36,Simon & Schuster,Hardcover,318,2023,2023,,2024/01/13,to-read,to-read (#42),to-read,,,,0,0
44279110,My Year of Rest and Relaxation,Ottessa Moshfegh,"Moshfegh, Ottessa",,"=""0525522131""","=""9780525522133""",0,3.60,Penguin Books,Paperback,289,2019,2018,,2022/08/29,to-read,to-read (#27),to-read,,,,0,0
43890641,Hamnet,Maggie O'Farrell,"O'Farrell, Maggie",,"=""1472223799""","=""9781472223791""",0,4.19,Tinder Press,Hardcover,372,2020,2020,,2021/10/06,"to-read, physical-tbr","to-read (#19), physical-tbr (#1)",to-read,,,,0,0
40603783,The Defining Decade: Why Your Twenties Matter—And How to Make the Most of Them Now,Meg Jay,"Jay, Meg",,"=""""","=""""",0,4.10,Twelve,Kindle Edition,273,2012,2012,,2023/12/19,to-read,to-read (#38),to-read,,,,0,0
36402034,Do Androids Dream of Electric Sheep?,Philip K. Dick,"Dick, Philip K.",,"=""""","=""""",4,4.09,Ballantine Books,ebook,258,2008,1968,2024/01/01,2021/03/02,,,read,,,,1,0
6656,The Divine Comedy: Inferno - Purgatorio - Paradiso,Dante Alighieri,"Alighieri, Dante","Allen Mandelbaum, Eugenio Montale, Peter Armour, Sandro Botticelli","=""0679433139""","=""9780679433132""",3,4.08,Everyman's Library,Hardcover,798,1995,1320,2023/12/20,2021/03/23,,,read,,,,1,0
48987,By Grand Central Station I Sat Down and Wept,Elizabeth  Smart,"Smart, Elizabeth",,"=""0679738045""","=""9780679738046""",0,3.46,Vintage,Paperback,240,1992,1945,,2023/09/11,to-read,to-read (#36),to-read,,,,0,0
54814676,Crying in H Mart,Michelle Zauner,"Zauner, Michelle",,"=""0525657746""","=""9780525657743""",0,4.23,Knopf,Hardcover,256,2021,2021,,2023/09/10,to-read,to-read (#35),to-read,,,,0,0
58733693,Remarkably Bright Creatures,Shelby Van Pelt,"Pelt, Shelby Van",,"=""0063204150""","=""9780063204157""",0,4.36,Ecco,Hardcover,368,2022,2022,,2023/09/10,to-read,to-read (#34),to-read,,,,0,0
4929,Kafka on the Shore,Haruki Murakami,"Murakami, Haruki",Philip Gabriel,"=""""","=""""",0,4.12,Vintage International,Paperback,467,2006,2002,2023/09/09,2021/03/02,dnf,dnf (#4),read,,,,1,0
11297,Norwegian Wood,Haruki Murakami,"Murakami, Haruki",Jay Rubin,"=""""","=""""",0,3.99,Vintage Books,Paperback,296,2000,1987,,2022/08/26,dnf,dnf (#1),read,,,,1,0
9777,The God of Small Things,Arundhati Roy,"Roy, Arundhati",,"=""0679457313""","=""9780679457312""",0,3.96,Random House,Paperback,321,1997,1997,,2023/02/24,dnf,dnf (#2),read,,,,1,0
5907,"The Hobbit, or There and Back Again",J.R.R. Tolkien,"Tolkien, J.R.R.","Douglas A. Anderson, Michael Hague, Jemima Catlin","=""""","=""""",0,4.30,Houghton Mifflin,Paperback,366,2002,1937,2023/06/04,2022/02/05,dnf,dnf (#3),read,,,,1,0
128029,A Thousand Splendid Suns,Khaled Hosseini,"Hosseini, Khaled",,"=""1594489505""","=""9781594489501""",0,4.45,Riverhead Books,Hardcover,372,2007,2007,,2023/03/25,to-read,to-read (#33),to-read,,,,0,0
15811545,A Tale for the Time Being,Ruth Ozeki,"Ozeki, Ruth",,"=""0670026638""","=""9780670026630""",3,4.06,Viking,Hardcover,432,2013,2013,2023/02/05,2022/02/14,,,read,,,,1,0
157993,The Little Prince,Antoine de Saint-Exupéry,"Saint-Exupéry, Antoine de",Richard Howard,"=""0152023984""","=""9780152023980""",3,4.33,"Harcourt, Inc.",Hardcover,96,2000,1943,2022/09/21,2021/03/02,,,read,,,,1,0
60753613,12 Notes: On Life and Creativity,Quincy Jones,"Jones, Quincy","The Weeknd,","=""1647002087""","=""9781647002084""",3,4.29,Abrams Image,Kindle Edition,192,2022,,2022/09/20,2022/06/26,,,read,,,,1,0
41881472,The Psychology of Money,Morgan Housel,"Housel, Morgan",,"=""0857197681""","=""9780857197689""",0,4.29,Harriman House,Paperback,242,2020,2020,,2022/09/11,to-read,to-read (#30),to-read,,,,0,0
95558,Solaris,Stanisław Lem,"Lem, Stanisław","Steve Cox, Joanna Kilmartin","=""""","=""""",3,3.98,Harcourt,Paperback,204,2002,1961,,2021/03/02,,,read,,,,1,0
1099301,"The Name of This Book Is Secret (Secret, #1)",Pseudonymous Bosch,"Bosch, Pseudonymous",,"=""0316113662""","=""9780316113663""",0,4.07,"Little, Brown Books for Young Readers",Hardcover,364,2007,2007,,2022/09/08,to-read,to-read (#29),to-read,,,,0,0
1202,Freakonomics: A Rogue Economist Explores the Hidden Side of Everything,Steven D. Levitt,"Levitt, Steven D.",Stephen J. Dubner,"=""0061234001""","=""9780061234002""",4,4.01,William Morrow,Hardcover,268,2006,2005,,2021/03/02,,,read,,,,1,0
16181775,"The Rosie Project (Don Tillman, #1)",Graeme Simsion,"Simsion, Graeme",,"=""1476729085""","=""9781476729084""",3,4.01,Simon & Schuster,Hardcover,292,2013,2013,,2021/03/02,,,read,,,,1,0
41104077,Invisible Women: Data Bias in a World Designed for Men,Caroline Criado Pérez,"Pérez, Caroline Criado",,"=""1419729071""","=""9781419729072""",4,4.34,Abrams Press,Hardcover,448,2019,2019,2022/01/29,2021/05/21,,,read,,,,1,0
23961,Marabou Stork Nightmares,Irvine Welsh,"Welsh, Irvine",,"=""0393315630""","=""9780393315639""",0,3.92,W. W. Norton & Company,Paperback,280,1997,1997,,2022/01/27,to-read,to-read (#23),to-read,,,,0,0
10883,Benjamin Franklin: An American Life,Walter Isaacson,"Isaacson, Walter",,"=""074325807X""","=""9780743258074""",3,4.05,Simon & Schuster,Paperback,586,2004,2003,2021/03/26,2021/03/02,,,read,,,,1,0
50202953,Piranesi,Susanna Clarke,"Clarke, Susanna",,"=""163557563X""","=""9781635575637""",0,4.22,Bloomsbury,Hardcover,272,2020,2020,,2022/01/13,to-read,to-read (#21),to-read,,,,0,0
51496,Dr. Jekyll and Mr. Hyde,Robert Louis Stevenson,"Stevenson, Robert Louis","Vladimir Nabokov, Dan Chaon, Jerome Charyn, Simon Vestdijk","=""0451528956""","=""9780451528957""",4,3.83,Signet Classic,Mass Market Paperback,139,2003,1886,,2021/03/02,,,read,,,,1,0
108978,Slaughterhouse-Five,Kurt Vonnegut Jr.,"Jr., Kurt Vonnegut",,"=""""","=""""",4,4.10,Vintage Classics,Paperback,157,2000,1969,2021/03/06,2021/03/02,,,read,,,,1,0
1618,The Curious Incident of the Dog in the Night-Time,Mark Haddon,"Haddon, Mark",,"=""1400032717""","=""9781400032716""",4,3.89,Vintage,Paperback,226,2004,2003,,2021/03/02,,,read,,,,1,0
1622,A Midsummer Night’s Dream,William Shakespeare,"Shakespeare, William","Barbara A. Mowat, Paul Werstine, Alan Durband, Roma Gill, Catherine Belsey, A.R. Braunmuller","=""0743477545""","=""9780743477543""",3,3.94,Simon & Schuster,Mass Market Paperback,298,2016,1595,,2021/03/02,,,read,,,,1,0
35074096,"Mythos: The Greek Myths Retold (Stephen Fry's Great Mythology, #1)",Stephen Fry,"Fry, Stephen",,"=""0718188721""","=""9780718188726""",4,4.26,Michael Joseph,Hardcover,416,2017,2017,2021/11/17,2021/03/27,,,read,,,,1,0
12000020,"Aristotle and Dante Discover the Secrets of the Universe (Aristotle and Dante, #1)",Benjamin Alire Sáenz,"Sáenz, Benjamin Alire",,"=""1442408928""","=""9781442408920""",0,4.29,Simon & Schuster Books for Young Readers,Hardcover,390,2012,2012,,2021/09/20,to-read,to-read (#18),to-read,,,,0,0
45047384,"The House in the Cerulean Sea (Cerulean Chronicles, #1)",T.J. Klune,"Klune, T.J.",,"=""""","=""""",0,4.37,Tor Books,Kindle Edition,394,2020,2020,,2021/08/28,to-read,to-read (#17),to-read,,,,0,0
3636,"The Giver (The Giver, #1)",Lois Lowry,"Lowry, Lois",,"=""0385732554""","=""9780385732550""",0,4.12,Ember,Paperback,208,2006,1993,,2021/03/02,to-read,to-read (#16),to-read,,,,0,0
5129,Brave New World,Aldous Huxley,"Huxley, Aldous",,"=""0060929871""","=""9780060929879""",0,3.99,HarperPerennial / Perennial Classics,Paperback,288,1998,1932,,2021/03/02,to-read,to-read (#1),to-read,,,,0,0
40121378,Atomic Habits: An Easy & Proven Way to Build Good Habits & Break Bad Ones,James Clear,"Clear, James",,"=""""","=""""",0,4.32,Avery,Kindle Edition,319,2018,2018,,2021/03/02,to-read,to-read (#6),to-read,,,,0,0
17688,"The Metamorphosis, In the Penal Colony, and Other Stories: The Great Short Works of Franz Kafka",Franz Kafka,"Kafka, Franz","Anne Rice, Joachim Neugroschel, Willa Muir, Edwin Muir","=""0684800705""","=""9780684800707""",4,4.09,Scribner,Paperback,352,2000,1915,,2021/03/03,,,read,,,,1,0
17690,The Trial,Franz Kafka,"Kafka, Franz","Max Brod, Willa Muir, Edwin Muir","=""""","=""""",4,3.94,Vintage,Paperback,255,2001,1925,,2021/03/02,,,read,,,,1,0
7624,Lord of the Flies,William Golding,"Golding, William",,"=""0140283331""","=""9780140283334""",4,3.70,Penguin Books ,Paperback,182,1999,1954,,2021/03/02,,,read,,,,1,0
28257707,The Subtle Art of Not Giving a F*ck: A Counterintuitive Approach to Living a Good Life,Mark Manson,"Manson, Mark",,"=""""","=""9798804636129""",3,3.87,Harper,Paperback,212,2016,2016,,2021/03/02,,,read,,,,1,0
38447,"The Handmaid’s Tale (The Handmaid's Tale, #1)",Margaret Atwood,"Atwood, Margaret",,"=""038549081X""","=""9780385490818""",0,4.15,Anchor Books,Paperback,311,1998,1985,,2021/03/02,to-read,to-read (#8),to-read,,,,0,0
135479,Cat’s Cradle,Kurt Vonnegut Jr.,"Jr., Kurt Vonnegut",,"=""""","=""""",0,4.15,Penguin,Paperback,306,1999,1963,,2021/03/04,to-read,to-read (#9),to-read,,,,0,0
908053,Diana: Her True Story in Her Own Words,Andrew Morton,"Morton, Andrew",,"=""0671024124""","=""9780671024123""",4,3.84,Pocket,Mass Market Paperback,432,1998,1993,,2021/03/22,,,read,,,,1,0
747746,The Curious Case of Benjamin Button,F. Scott Fitzgerald,"Fitzgerald, F. Scott",Calef Brown,"=""1416556052""","=""9781416556053""",3,3.57,Scribner,Paperback,56,2007,1922,2021/03/18,2021/03/02,,,read,,,,1,0
16299,And Then There Were None,Agatha Christie,"Christie, Agatha",,"=""0312330871""","=""9780312330873""",0,4.27,St. Martin's Griffin,Paperback,264,2004,1939,,2021/03/13,to-read,to-read (#12),to-read,,,,0,0
277658,The Pattern on the Stone: The Simple Ideas that Make Computers Work,William Daniel Hillis,"Hillis, William Daniel",,"=""046502596X""","=""9780465025961""",3,4.06,Basic Books,Paperback,176,1999,1998,,2021/03/02,,,read,,,,1,0
18135,Romeo and Juliet,William Shakespeare,"Shakespeare, William",,"=""0743477111""","=""9780743477116""",3,3.74,Washington Square Press,Mass Market Paperback,281,2002,1590,,2021/03/02,,,read,,,,1,0
17563539,The Egg,Andy Weir,"Weir, Andy",,"=""""","=""""",4,4.21,Andy Weir / Galactanet,ebook,3,2009,2009,,2021/03/02,,,read,,,,1,0
900682,An Inspector Calls,J.B. Priestley,"Priestley, J.B.",,"=""3150092183""","=""9783150092187""",3,3.82,Reclam,Paperback,117,1987,1945,,2021/03/02,,,read,,,,1,0
34272565,Life 3.0: Being Human in the Age of Artificial Intelligence,Max Tegmark,"Tegmark, Max",Rob Shapiro,"=""0451485076""","=""9780451485076""",4,4.00,Random House Audio,Audio CD,384,2035,2017,,2021/03/02,,,read,,,,1,0
